text,labels
배우들 연기도 너무 좋았어요.,1
스토리가 탄탄하고 연출도 훌륭했어요.,1
정말 감동적인 영화였습니다. 눈물이 멈추질 않았어요.,1
끝까지 집중해서 봤습니다. 완전 추천해요!,1
감성과 메시지가 모두 살아있는 영화였어요.,1
오랜만에 이런 좋은 영화를 봐서 기분이 좋아요.,1
"음악, 연출, 연기 모두 완벽했어요.",1
시간 가는 줄 몰랐어요. 최고의 영화!,1
스토리 전개가 매끄럽고 감동적이었어요.,1
친구들에게 꼭 추천하고 싶은 영화예요.,1
배우의 감정 연기가 정말 인상 깊었어요.,1
잔잔하지만 여운이 오래 남는 영화였어요.,1
캐릭터 하나하나가 살아있는 느낌이었어요.,1
연출이 섬세해서 몰입이 잘 됐어요.,1
대사 하나하나가 마음에 와닿았어요.,1
스토리가 단순하지만 메시지가 명확했어요.,1
배경 음악이 장면과 잘 어울렸어요.,1
보는 내내 웃고 울 수 있었어요.,1
결말이 너무 인상적이었어요.,1
전체적으로 완성도가 높은 작품이었어요.,1
배우들의 케미가 정말 좋았어요.,1
영상미가 뛰어나서 보는 재미가 있었어요.,1
몰입감이 좋아서 한 번에 다 봤어요.,1
이야기 흐름이 자연스러웠어요.,1
기대 이상으로 만족스러웠어요.,1
감정선이 잘 표현된 영화였어요.,1
한 장면도 허투루 느껴지지 않았어요.,1
연출 의도가 잘 전달됐어요.,1
캐릭터의 성장 과정이 설득력 있었어요.,1
여러 번 다시 보고 싶은 영화예요.,1
스토리와 연출의 균형이 좋았어요.,1
마지막 장면이 오래 기억에 남아요.,1
분위기가 정말 좋았어요.,1
연기력이 영화의 완성도를 높였어요.,1
지루할 틈 없이 잘 만든 영화였어요.,1
메시지가 분명해서 좋았어요.,1
감정 이입이 잘 됐어요.,1
보면서 공감되는 부분이 많았어요.,1
연출이 깔끔해서 보기 편했어요.,1
스토리가 이해하기 쉬웠어요.,1
배우 선택이 정말 잘 된 영화예요.,1
전체적인 톤이 마음에 들었어요.,1
잔잔하지만 힘이 있는 영화였어요.,1
보고 나서 생각이 많이 남는 영화예요.,1
스토리 구성이 탄탄했어요.,1
완성도 면에서 높은 점수를 주고 싶어요.,1
분위기와 음악이 잘 어우러졌어요.,1
감동과 재미를 모두 잡았어요.,1
전반적으로 만족스러운 영화였습니다.,1
인생 영화에요.,1
지루해서 중간에 졸았어요.,0
배우 연기가 너무 어색해서 몰입이 안 됐어요.,0
스토리가 산만하고 전개가 엉성해요.,0
예고편이 다였네요. 본편은 별로예요.,0
너무 뻔한 이야기라 재미가 없었어요.,0
연출이 허술하고 대사도 부자연스러워요.,0
기대한 만큼 실망만 컸어요.,0
시간 아깝고 돈 아깝네요.,0
한 번 보고 다시는 보고 싶지 않아요.,0
결말도 어이없고 전체적으로 별로였어요.,0
스토리가 너무 늘어져서 답답했어요.,0
몰입이 전혀 안 됐어요.,0
배우들 연기가 전반적으로 부족했어요.,0
개연성이 너무 떨어져요.,0
전개가 뻔해서 중간부터 흥미가 사라졌어요.,0
연출 의도를 이해하기 어려웠어요.,0
대사가 너무 오글거렸어요.,0
스토리가 앞뒤가 안 맞아요.,0
집중해서 보기 힘든 영화였어요.,0
분위기만 있고 내용은 없어요.,0
전체적으로 산만한 느낌이에요.,0
전개 속도가 너무 느려요.,0
캐릭터 매력이 전혀 없었어요.,0
왜 이런 평가를 받는지 모르겠어요.,0
스토리가 너무 억지스러워요.,0
보는 내내 지루했어요.,0
연출이 과해서 부담스러웠어요.,0
내용이 기억에 남지 않아요.,0
완성도가 많이 떨어져 보여요.,0
감정선이 전혀 공감되지 않았어요.,0
연기와 연출 모두 아쉬웠어요.,0
스토리가 너무 단순해요.,0
전개가 갑작스러워서 당황스러웠어요.,0
중반부터 집중이 안 됐어요.,0
이야기가 설득력이 없어요.,0
연출이 촌스럽게 느껴졌어요.,0
기대가 너무 컸던 걸까요. 실망했어요.,0
배우 활용을 잘 못한 느낌이에요.,0
내용에 몰입하기 어려웠어요.,0
전체적으로 아쉬운 작품이에요.,0
스토리가 너무 늘어졌어요.,0
연출과 스토리가 따로 노는 느낌이에요.,0
감동을 주려고 하지만 실패한 느낌이에요.,0
끝까지 보기 힘들었어요.,0
내용이 너무 예측 가능했어요.,0
이야기에 힘이 없어요.,0
보면서 계속 시계를 봤어요.,0
굳이 추천하고 싶지 않은 영화예요.,0
전반적으로 만족스럽지 않았어요.,0
전작보다 아쉬움,0
